{"cameraMode":{"drawMode":0,"name":"Shaded","section":"Shading Mode"},"sceneLighting":true,"audioPlay":false,"sceneViewState":{"showFog":true,"showMaterialUpdate":false,"showSkybox":false,"showFlares":true,"showImageEffects":true,"showParticleSystems":true},"in2DMode":false,"pivot":{"x":-2.0126876831054689,"y":1.841522216796875,"z":0.156494140625},"rotation":{"x":0.012000267393887043,"y":0.005398172419518232,"z":-0.0000688025465933606,"w":0.9999284744262695},"size":1.665710687637329,"orthographic":true}