{"cameraMode":{"drawMode":0,"name":"Shaded","section":"Shading Mode"},"sceneLighting":false,"audioPlay":false,"sceneViewState":{"showFog":true,"showMaterialUpdate":false,"showSkybox":false,"showFlares":true,"showImageEffects":true,"showParticleSystems":true},"in2DMode":false,"pivot":{"x":-0.35545897483825686,"y":0.30729758739471438,"z":0.1810481995344162},"rotation":{"x":0.0075097219087183479,"y":0.9356992840766907,"z":-0.3521990180015564,"w":0.0199274979531765},"size":0.7103688716888428,"orthographic":true}