{"cameraMode":{"drawMode":0,"name":"Shaded","section":"Shading Mode"},"sceneLighting":true,"audioPlay":false,"sceneViewState":{"showFog":true,"showMaterialUpdate":false,"showSkybox":false,"showFlares":true,"showImageEffects":true,"showParticleSystems":true},"in2DMode":false,"pivot":{"x":-6.46142578125,"y":0.5770263671875,"z":-2.5791015625},"rotation":{"x":-0.05097872018814087,"y":-0.006297209765762091,"z":0.00032268345239572227,"w":-0.9987066984176636},"size":7.202046871185303,"orthographic":true}