{"cameraMode":{"drawMode":0,"name":"Shaded","section":"Shading Mode"},"sceneLighting":true,"audioPlay":false,"sceneViewState":{"showFog":true,"showMaterialUpdate":false,"showSkybox":false,"showFlares":true,"showImageEffects":true,"showParticleSystems":true},"in2DMode":false,"pivot":{"x":2.821746826171875,"y":1.3466796875,"z":0.497314453125},"rotation":{"x":0.2620789706707001,"y":-0.04744108393788338,"z":0.012907159514725209,"w":0.9638141989707947},"size":1.9208405017852784,"orthographic":true}