{"cameraMode":{"drawMode":0,"name":"Shaded","section":"Shading Mode"},"sceneLighting":false,"audioPlay":false,"sceneViewState":{"showFog":true,"showMaterialUpdate":false,"showSkybox":false,"showFlares":true,"showImageEffects":true,"showParticleSystems":true},"in2DMode":false,"pivot":{"x":12.5600004196167,"y":1.9500000476837159,"z":5.929999828338623},"rotation":{"x":0.17851077020168305,"y":-0.191112220287323,"z":0.03537123277783394,"w":0.9645571112632752},"size":0.7071067690849304,"orthographic":true}