{"cameraMode":{"drawMode":0,"name":"Shaded","section":"Shading Mode"},"sceneLighting":false,"audioPlay":false,"sceneViewState":{"showFog":true,"showMaterialUpdate":false,"showSkybox":false,"showFlares":true,"showImageEffects":true,"showParticleSystems":true},"in2DMode":false,"pivot":{"x":0.056000009179115298,"y":0.3555000126361847,"z":-1.2710000276565552},"rotation":{"x":0.4103408753871918,"y":0.1656607985496521,"z":-0.0760740339756012,"w":0.8935484290122986},"size":0.9949905276298523,"orthographic":true}