{"cameraMode":{"drawMode":0,"name":"Shaded","section":"Shading Mode"},"sceneLighting":false,"audioPlay":false,"sceneViewState":{"showFog":true,"showMaterialUpdate":false,"showSkybox":false,"showFlares":true,"showImageEffects":true,"showParticleSystems":true},"in2DMode":false,"pivot":{"x":0.003000000026077032,"y":0.003000000026077032,"z":0.006000000052154064},"rotation":{"x":2.9810814794473119e-7,"y":0.018897173926234247,"z":0.000005118592980579706,"w":0.9998335242271423},"size":0.005841509439051151,"orthographic":true}