{"cameraMode":{"drawMode":0,"name":"Shaded","section":"Shading Mode"},"sceneLighting":false,"audioPlay":false,"sceneViewState":{"showFog":true,"showMaterialUpdate":false,"showSkybox":false,"showFlares":true,"showImageEffects":true,"showParticleSystems":true},"in2DMode":false,"pivot":{"x":4.831807613372803,"y":0.6800000071525574,"z":1.6860473155975342},"rotation":{"x":0.17851077020168305,"y":-0.191112220287323,"z":0.03537123277783394,"w":0.9645571112632752},"size":0.7794227600097656,"orthographic":true}