{"cameraMode":{"drawMode":0,"name":"Shaded","section":"Shading Mode"},"sceneLighting":true,"audioPlay":false,"sceneViewState":{"showFog":true,"showMaterialUpdate":false,"showSkybox":false,"showFlares":true,"showImageEffects":true,"showParticleSystems":true},"in2DMode":false,"pivot":{"x":1.0760098695755005,"y":1.2546778917312623,"z":0.2843508720397949},"rotation":{"x":0.018950877711176873,"y":0.9729630351066589,"z":-0.08632995933294296,"w":0.21347147226333619},"size":2.9858784675598146,"orthographic":true}