{"cameraMode":{"drawMode":0,"name":"Shaded","section":"Shading Mode"},"sceneLighting":false,"audioPlay":false,"sceneViewState":{"showFog":true,"showMaterialUpdate":false,"showSkybox":false,"showFlares":true,"showImageEffects":true,"showParticleSystems":true},"in2DMode":false,"pivot":{"x":0.003000000026077032,"y":0.003000000026077032,"z":0.005100000184029341},"rotation":{"x":-0.05097872018814087,"y":-0.006297209765762091,"z":0.00032268345239572227,"w":-0.9987066984176636},"size":0.0049886638298630718,"orthographic":true}