{"cameraMode":{"drawMode":0,"name":"Shaded","section":"Shading Mode"},"sceneLighting":false,"audioPlay":false,"sceneViewState":{"showFog":true,"showMaterialUpdate":false,"showSkybox":false,"showFlares":true,"showImageEffects":true,"showParticleSystems":true},"in2DMode":false,"pivot":{"x":0.056000009179115298,"y":0.3555000126361847,"z":-1.2710000276565552},"rotation":{"x":0.09254977107048035,"y":0.08236411958932877,"z":-0.00767259718850255,"w":0.9922846555709839},"size":0.25469478964805605,"orthographic":true}